 SELECT mc.strcompanydisplaycode,(mc.strcompanydisplaycode || ' ' || mc.strcompanydisplayname) AS strcompanydisplaycodename, mc.strcompanydisplayname FROM m_company mc, m_attribute ma, m_attributerelation mar WHERE mc.lngcompanycode = mar.lngcompanycode  AND mar.lngattributecode = ma.lngattributecode  AND mar.lngattributecode = 4  AND mc.bytcompanydisplayflag = true     ORDER BY mc.strcompanydisplaycode 
 SELECT mc.strcompanydisplaycode,(mc.strcompanydisplaycode || ' ' || mc.strcompanydisplayname) AS strcompanydisplaycodename, mc.strcompanydisplayname FROM m_company mc, m_attribute ma, m_attributerelation mar WHERE mc.lngcompanycode = mar.lngcompanycode  AND mar.lngattributecode = ma.lngattributecode  AND mar.lngattributecode = 4  AND mc.bytcompanydisplayflag = true     ORDER BY mc.strcompanydisplaycode 
id	name1	name2
0000	0000 その他(日本)	その他(日本)
1103	1103 (株)アートプレスト	(株)アートプレスト
1112	1112 APEX MANUFACTURING CO., LTD.	APEX MANUFACTURING CO., LTD.
1113	1113 APEX　DESIGN&ENGINEERING CO., LTD.	APEX　DESIGN&ENGINEERING CO., LTD.
1119	1119 ARCADIA(H.K)LIMITED	ARCADIA(H.K)LIMITED
1121	1121 Advance Label&Paper Product(ShenZhen)LTD(3233)	Advance Label&Paper Product(ShenZhen)LTD(3233)
1202	1202 觝０羸什扈	觝０羸什扈
1213	1213 (株)イワコー	(株)イワコー
1304	1304 Wang Shing Industrial LTD	Wang Shing Industrial LTD
1328	1328 VINH NGUYEN CONSTRUCTING TRADING MANUFACTURING CO.,LTD	VINH NGUYEN CONSTRUCTING TRADING MANUFACTURING CO.,LTD
1329	1329 WEILIFA PLASTIC CO.LTD(CHUN FAT)	WEILIFA PLASTIC CO.LTD(CHUN FAT)
1409	1409 螢┘好▲ぅ┘譽トロニクス	螢┘好▲ぅ┘譽トロニクス
1501	1501 (株)おれんじ	(株)おれんじ
2101	2101 カタオカプラセス(株)	カタオカプラセス(株)
2107	2107 GUIDE LINK LIMITED.	GUIDE LINK LIMITED.
2117	2117 (株)GAUデザイン	(株)GAUデザイン
2118	2118 (株)カンラ社	(株)カンラ社
2121	2121 CANSUM(バンダイ工場)	CANSUM(バンダイ工場)
2208	2208 KEYWICK LIMITED.	KEYWICK LIMITED.
2211	2211 協和メタル(株)	協和メタル(株)
2216	2216 (株)旭栄	(株)旭栄
2217	2217 KAM Fung(恒興隆塑膠製品場)	KAM Fung(恒興隆塑膠製品場)
2305	2305 KUWAGATA HONG KONG LIMITED.	KUWAGATA HONG KONG LIMITED.
2307	2307 GLOBAL LINK INDUSTRIAL DEVELOPMENT LIMITED	GLOBAL LINK INDUSTRIAL DEVELOPMENT LIMITED
2310	2310 GUAN XIN INTERNATIONAL HOLDINGS LIMITED	GUAN XIN INTERNATIONAL HOLDINGS LIMITED
2312	2312 GRAND CHAMPION PLASTIC TOYS CO.,LTD(TALENT FIRST)	GRAND CHAMPION PLASTIC TOYS CO.,LTD(TALENT FIRST)
2508	2508 株式会社　コーユー	株式会社　コーユー
3104	3104 (株)サントム	(株)サントム
3115	3115 (株)サンライズ	(株)サンライズ
3205	3205 SINOLINK HOLDINGS(CHINA)LTD	SINOLINK HOLDINGS(CHINA)LTD
3207	3207 CF WINKY ENTERPRISES LTD	CF WINKY ENTERPRISES LTD
3210	3210 SINO ACTION INDUSTRIAL LTD(WAH SHING)	SINO ACTION INDUSTRIAL LTD(WAH SHING)
3217	3217 J-Toys Manufacturing Ltd	J-Toys Manufacturing Ltd
3220	3220 SHUN YUE ENTERPRISES(HONG KONG)LIMITED	SHUN YUE ENTERPRISES(HONG KONG)LIMITED
3223	3223 JUNSIN INDUSTRIAL(HONGKONG)CO.,LIMITED	JUNSIN INDUSTRIAL(HONGKONG)CO.,LIMITED
3224	3224 (株)スカイ・ジェイ	(株)スカイ・ジェイ
3226	3226 JIANGMEN FUJITOY LTD.	JIANGMEN FUJITOY LTD.
3232	3232 SINOBEST ASIA LTD	SINOBEST ASIA LTD
3308	3308 スマイルワールド株式会社	スマイルワールド株式会社
3309	3309 (株)スズキネ	(株)スズキネ
3310	3310 ShenZhen Pengchi Printing Co.,Ltd	ShenZhen Pengchi Printing Co.,Ltd
3311	3311 SHENZHEN NEW CREATIONS MODELS DESIGN CO,LTD.(QIYEE)	SHENZHEN NEW CREATIONS MODELS DESIGN CO,LTD.(QIYEE)
3312	3312 SHENGHUI MOLD FACTORY	SHENGHUI MOLD FACTORY
3313	3313 SHENZHEN YONGZHI PLASTIC&MOULD CO.,LTD	SHENZHEN YONGZHI PLASTIC&MOULD CO.,LTD
3410	3410 ShenZhen Koonmei Gife Co.,Limited	ShenZhen Koonmei Gife Co.,Limited
3411	3411 Shenghui Mold Factory	Shenghui Mold Factory
3506	3506 SDL(HK)TOYS LIMITED	SDL(HK)TOYS LIMITED
4113	4113 (株)ダイワトーイ	(株)ダイワトーイ
4115	4115 TALENT FIRST INTERNATIONAL LIMITED	TALENT FIRST INTERNATIONAL LIMITED
4116	4116 TAK YUEN PLASTICS MANUFACTORY(APEX)	TAK YUEN PLASTICS MANUFACTORY(APEX)
4202	4202 CHINA ANIMATION GROUP Ltd.	CHINA ANIMATION GROUP Ltd.
4203	4203 (株)チップジャック	(株)チップジャック
4303	4303 CHUN FAT TRADING CO.	CHUN FAT TRADING CO.
4411	4411 (株)ティー・シー・ピー	(株)ティー・シー・ピー
4516	4516 JU CHENG ENTERPRISE(HK)DEVELOPMENT LIMITED	JU CHENG ENTERPRISE(HK)DEVELOPMENT LIMITED
4517	4517 DONGGUANG SHENGTANG PLASTIC PRODUCTION CO.,LTD	DONGGUANG SHENGTANG PLASTIC PRODUCTION CO.,LTD
4518	4518 トムス(株)	トムス(株)
4519	4519 (株)トイコー	(株)トイコー
4520	4520 DONG GUAN JIAHONG TOYS CO.,LD	DONG GUAN JIAHONG TOYS CO.,LD
4521	4521 Dongguan Journ Ta Metal Product Company.,Ltd	Dongguan Journ Ta Metal Product Company.,Ltd
4522	4522 DONG GUAN XIN CHENG BADGE AND PREESENT CO.,LTD	DONG GUAN XIN CHENG BADGE AND PREESENT CO.,LTD
4523	4523 DONGGUAN CHENYU MOULD PLASTIC CO.,LTD	DONGGUAN CHENYU MOULD PLASTIC CO.,LTD
5101	5101 (株)永井製作所	(株)永井製作所
5105	5105 NANTONG XINJIA ARTCRAFTS CO.,LTD	NANTONG XINJIA ARTCRAFTS CO.,LTD
5201	5201 (株)ニコー印刷	(株)ニコー印刷
5202	5202 日本食材(株)	日本食材(株)
5206	5206 日本セロンパック(株)	日本セロンパック(株)
5209	5209 NITTSU ELECTRONICS CO.,LTD	NITTSU ELECTRONICS CO.,LTD
6127	6127 POWER LINK INDUSTRIES LTD	POWER LINK INDUSTRIES LTD
6139	6139 HUAMEI MOLD PLASTIC PRODUSTS CO.,LTD	HUAMEI MOLD PLASTIC PRODUSTS CO.,LTD
6140	6140 ハヤシ商事株式会社	ハヤシ商事株式会社
6141	6141 BANDAI NAMCO PHILIPPINES INC.	BANDAI NAMCO PHILIPPINES INC.
6142	6142 BANDAI SPIRITS	BANDAI SPIRITS
6302	6302 (株)フジトーイ	(株)フジトーイ
6303	6303 (株)不二家	(株)不二家
6320	6320 FULL MARK TOYS INDUSTRIES LTD	FULL MARK TOYS INDUSTRIES LTD
6325	6325 FIRST-BRIGHT WINTECH CO., LIMITED	FIRST-BRIGHT WINTECH CO., LIMITED
6326	6326 (株)プラッツ	(株)プラッツ
6327	6327 FORTUNE EVER DEVELOPMENT CORPORATION LIMITED	FORTUNE EVER DEVELOPMENT CORPORATION LIMITED
6328	6328 (株)フリーテイル	(株)フリーテイル
6331	6331 FUKU BAG PRODUCT CO.,LTD (3314連携)	FUKU BAG PRODUCT CO.,LTD (3314連携)
6403	6403 HEBEI WANRONG.CO.,LTD(萬栄)	HEBEI WANRONG.CO.,LTD(萬栄)
6404	6404 Hemai Technology(H.K)Co.,Limited	Hemai Technology(H.K)Co.,Limited
6406	6406 HuiZhou City HuiHongDa Plastic Products Co.,Ltd	HuiZhou City HuiHongDa Plastic Products Co.,Ltd
6510	6510 HUZEN CO.,LTD	HUZEN CO.,LTD
6907	6907 BLPシンセン倉庫（BLP Shenzhen Warehouse）	BLPシンセン倉庫（BLP Shenzhen Warehouse）
7105	7105 (株)松田モデル	(株)松田モデル
7108	7108 (株)エムアイシー（MIC）	(株)エムアイシー（MIC）
7113	7113 松山製菓(株)	松山製菓(株)
7501	7501 (株)モック	(株)モック
8103	8103 YANG LIN TOYS LIMITED	YANG LIN TOYS LIMITED
8203	8203 襯罐魯蕁Εぅ鵐拭璽淵轡腑淵	襯罐魯蕁Εぅ鵐拭璽淵轡腑淵
8301	8301 YORKCO INDUSTRIAL LIMITED.	YORKCO INDUSTRIAL LIMITED.
8303	8303 YORKO INDUSTRIAL LTD南龍有限公司	YORKO INDUSTRIAL LTD南龍有限公司
8304	8304 Yong Feng Craftwork&Gifts Manufacturer	Yong Feng Craftwork&Gifts Manufacturer
8403	8403 WAH HUNG MANUFACTURING CO.,LTD	WAH HUNG MANUFACTURING CO.,LTD
9102	9102 LATITUDE PROMOTION & GIFTS LTD.(HK)	LATITUDE PROMOTION & GIFTS LTD.(HK)
9105	9105 (株)ライテック	(株)ライテック
9301	9301 LUEN FAT PLASTIC FTY.	LUEN FAT PLASTIC FTY.
9402	9402 LICA ENTERPRISES LIMITED(力佳化工)	LICA ENTERPRISES LIMITED(力佳化工)
9995	9995 Other(海外)	Other(海外)
